order_volume,warehouse_time,shipment_distance,traffic_index,weather_score,past_delay_rate,delivery_status
7,6.314720321525642,1380.8817510796805,3,0.68,0.07,At Risk
4,16.453533102770756,1747.9126025630073,7,0.32,0.66,Delayed
8,1.4533423683503757,1276.2197944187037,9,0.85,0.6,Delayed
5,3.3944973856451983,1524.6318587158844,4,0.95,0.42,At Risk
7,19.398069963583357,328.54255355960026,10,0.88,0.42,Delayed
3,5.106527227249673,928.4993740953819,3,0.74,0.79,At Risk
7,16.01316048059312,28.56992345591566,5,0.28,0.2,Delayed
8,6.47820396407471,500.8909403980298,1,0.28,0.82,On-Time
5,3.2871520334649387,1455.6588130748796,3,0.96,0.65,At Risk
4,6.592960392987444,1983.7018031852333,8,0.01,0.42,Delayed
8,17.61213943268016,207.36441817855965,8,0.72,0.46,Delayed
8,20.681018766444573,808.9736885639636,4,0.71,0.26,Delayed
3,20.09505688504081,1602.1412277113275,2,0.62,0.75,Delayed
6,10.13522118122446,416.0309129115087,8,0.99,0.51,Delayed
5,16.365958141124864,1114.6190491115497,8,0.31,0.32,Delayed
2,5.714638794563882,1468.811879099053,10,0.34,0.6,Delayed
8,7.742397796003305,1235.8110460177563,4,0.08,1.0,On-Time
6,21.615723825985754,384.1692218846781,3,0.44,0.44,Delayed
2,1.299044240746929,717.2152916846214,2,0.26,0.92,On-Time
5,2.966696209652766,1569.7456511259404,9,0.34,0.35,Delayed
1,5.7813838683586285,1112.910763122713,1,0.83,0.05,At Risk
6,1.6102406890978536,20.406930950396344,7,0.94,0.2,At Risk
9,5.173015007065338,1524.3716124559069,5,0.19,0.42,At Risk
1,14.40995590230292,80.26959633107575,8,0.37,0.22,Delayed
3,10.692764663627452,1494.010227635152,4,0.93,0.0,At Risk
7,21.531449354770423,412.9363147288224,7,0.06,0.92,Delayed
4,19.80120191998414,1916.5662254375666,5,0.09,0.84,Delayed
9,8.861799089051146,742.2020950911481,5,0.16,0.74,At Risk
3,6.966738968919727,660.5939165127774,9,0.6,0.17,Delayed
5,9.73292538784714,306.2872201615649,9,0.15,0.12,Delayed
3,14.576783677840577,618.1523888255276,9,0.97,0.07,Delayed
7,7.165463738926154,1754.535016038119,6,0.45,0.72,At Risk
5,15.355424880530082,1992.705331878222,6,0.5,0.93,At Risk
9,10.41646800039853,742.9359657086281,5,0.25,0.43,At Risk
7,13.697085159595545,902.7351555995397,9,0.47,0.12,Delayed
2,11.030910170112284,1446.9211670234467,10,0.66,0.51,Delayed
4,7.772712469464106,1773.5296031254984,8,0.75,0.35,Delayed
9,22.814426060129605,1190.1582250317006,7,0.75,0.37,Delayed
2,18.5629332656745,789.1361393738804,7,0.58,0.62,Delayed
9,4.222603042628409,831.1174632887612,6,0.9,0.72,At Risk
5,20.974763445651995,1394.2801115286456,5,0.82,0.11,Delayed
2,12.210917559738814,16.404344572514574,4,0.76,0.04,At Risk
4,21.5747012185641,1242.982781545083,3,0.06,0.99,Delayed
7,19.39667088678825,717.4310907783013,3,0.01,0.23,Delayed
8,10.77991060279237,1590.4526892413976,6,0.21,0.05,At Risk
3,1.5167940913627,195.051373248033,4,0.66,0.19,At Risk
1,7.17957926585376,1180.5225112272972,6,0.41,0.04,At Risk
4,13.45758693719994,967.1360508733862,3,0.4,0.39,At Risk
2,15.569999056001388,1288.2277965514024,4,0.88,0.8,At Risk
8,6.931416764963653,139.058653021107,9,0.9,0.34,Delayed
4,4.2051897036749555,1164.1677369819813,5,0.91,0.44,At Risk
2,20.20339544638388,1127.3543300394522,7,0.31,0.68,Delayed
6,23.641250156181698,1125.7135878881802,10,0.69,0.51,Delayed
6,13.090874192961774,1210.9404565269451,2,0.27,0.86,At Risk
4,4.948623574510981,1356.1711950804608,5,0.19,0.87,At Risk
6,7.2630685099454855,1611.9281093647319,9,0.18,0.01,Delayed
2,1.422985560591735,546.9432330551465,3,0.34,0.78,At Risk
2,22.028872550891478,1651.8483262583236,9,0.43,0.46,Delayed
4,3.708274906473246,1001.5288077042727,6,0.83,0.99,At Risk
8,14.259878936827832,163.34597547731903,4,0.12,0.48,At Risk
7,7.303270075805738,126.5163491955186,7,0.73,0.99,At Risk
9,13.746094057863248,675.134254205161,8,0.53,0.75,Delayed
8,15.982668932092878,1571.9449844518203,6,0.29,0.25,At Risk
5,20.084061485265636,1418.2850601344223,5,0.49,0.54,Delayed
2,5.747689250493874,1579.3437796980888,6,0.3,0.99,At Risk
5,1.252904059145051,1039.3654223188025,5,0.6,0.86,At Risk
8,4.148369491582567,885.9960059314262,8,0.43,0.1,Delayed
9,21.700428762506416,303.43052814550504,1,0.16,0.71,Delayed
9,21.09947178393785,663.10357968253,7,0.12,0.35,Delayed
1,14.740501349917091,873.6985386860118,10,0.55,0.01,Delayed
9,14.811887789974028,186.31485506243828,10,0.9,0.4,Delayed
7,16.295843514563877,449.0177858953104,2,0.34,0.23,Delayed
9,5.03353940833934,1200.4683351868402,9,0.73,0.82,Delayed
8,22.031474756274076,1473.9695973359878,1,0.66,0.34,Delayed
1,10.631722072517682,1996.7115476719698,10,0.93,0.83,Delayed
8,9.81218614973844,1866.8955293736797,6,0.82,0.0,At Risk
8,12.935107221505262,1288.7047470750313,9,0.57,0.31,Delayed
3,2.0802172358262663,848.2836260552033,1,0.66,0.24,At Risk
1,4.824517481389826,1275.9929557693831,4,0.9,0.23,At Risk
8,17.97477317780652,1573.4467199796616,4,0.4,0.07,Delayed
3,2.904369362277909,245.48901993754077,9,0.33,0.19,Delayed
3,14.872498517726928,825.7107304956136,5,0.01,0.56,At Risk
1,6.643029522670382,1681.2065484148782,5,0.83,0.29,At Risk
5,9.95379912296546,773.8275743467576,6,0.8,0.42,At Risk
7,7.639955945726097,1148.0258197421012,1,0.1,0.38,On-Time
9,9.18047247869383,1179.6610281157746,1,0.58,0.88,At Risk
7,17.538055819237645,377.10774373594234,9,0.46,0.91,Delayed
9,7.833799459333026,730.8485288880539,3,0.12,0.49,On-Time
8,14.027306726828636,675.677464596445,4,0.98,0.33,At Risk
2,11.949159250579292,62.13144997880894,1,0.21,0.11,At Risk
1,16.264436803340907,58.14161014379694,9,0.07,0.95,Delayed
7,22.547084004469433,1665.0771169147893,8,0.59,0.06,Delayed
7,17.849158235835755,553.4109118458967,2,0.74,0.3,Delayed
8,5.943628707587406,1040.9767448152427,8,0.03,0.3,Delayed
5,1.7172121064095474,604.4638914416583,7,0.66,0.32,At Risk
3,7.032073018895977,1881.9516977795276,6,0.53,0.16,At Risk
8,14.68679240610586,526.0005501428898,1,0.1,0.78,At Risk
6,2.182793710137758,865.0170573504809,7,0.17,0.12,At Risk
3,12.416423685628436,1746.7331984643577,10,0.57,0.63,Delayed
1,14.727385525088453,1685.447797915699,7,0.3,0.12,At Risk
3,8.687609488790098,380.34182151409186,9,0.94,0.07,Delayed
5,18.730980686153906,1607.2601864934638,1,0.82,0.91,Delayed
3,3.4517598220767516,921.7919046084064,2,0.98,0.19,At Risk
1,2.7281689799236015,971.1080554498569,9,0.26,0.82,Delayed
5,17.748341392682878,275.62514510772814,9,0.97,0.54,Delayed
7,12.396300272742565,170.39701237667805,6,0.43,0.08,At Risk
7,16.83325511783793,1458.5992208777927,6,0.35,0.96,Delayed
9,11.001028787886163,997.9576931870465,4,0.05,0.25,At Risk
3,6.667246764499456,879.3328982042074,4,0.05,0.86,On-Time
7,19.839353306506595,1461.7213750182696,5,0.69,0.17,Delayed
1,19.386565216286524,1533.3706689923083,3,0.46,0.85,Delayed
4,16.978018829651816,326.2272536620136,1,0.23,0.01,Delayed
4,7.259338156289142,1224.3480474605062,1,0.61,0.51,At Risk
5,14.575305337989004,279.3546237325942,7,0.25,0.77,At Risk
7,9.302399629620616,1505.2364211978008,1,0.58,0.93,At Risk
7,3.1063876865125852,1317.3407609716076,1,0.36,0.91,At Risk
4,22.098212235631586,1913.6630959560814,3,0.82,0.82,Delayed
7,4.146828511136112,147.22645254927815,10,0.82,0.89,Delayed
3,22.855459137878455,123.53889509099609,4,0.48,0.2,Delayed
6,11.258132778032982,571.5522786394683,4,0.35,0.28,At Risk
2,5.258057363288252,530.7943106344529,2,0.36,0.29,At Risk
9,13.463721789702237,501.48781015327967,1,0.81,0.38,At Risk
5,21.077754225157392,1813.446615236863,3,0.33,0.39,Delayed
6,17.841172387419906,506.5969377005171,4,0.21,0.54,Delayed
4,19.550906400813343,551.1799549959757,3,0.08,0.16,Delayed
7,16.152017434346497,1521.2025422117479,8,0.47,0.69,Delayed
9,16.922360983910608,904.9822864765746,10,0.48,0.17,Delayed
7,20.531499986002345,1555.6540083408106,1,0.84,0.31,Delayed
1,6.7423642037612765,140.07865355312663,2,0.22,0.5,On-Time
1,12.256774163792231,980.2666754100347,7,0.38,0.8,At Risk
9,6.087817161850851,76.89106436473244,4,0.81,0.74,At Risk
9,23.71636418392288,134.6798748761555,8,0.82,0.65,Delayed
4,22.713364812792104,1813.8105321553778,3,0.38,0.16,Delayed
9,1.9068166614756357,287.0982885240144,6,0.46,0.55,At Risk
3,17.228228967860836,1069.517157727682,9,0.3,0.09,Delayed
7,22.280711300560313,828.080249175406,1,0.93,0.38,Delayed
6,5.153232937928671,701.2132192550969,1,0.12,0.41,On-Time
8,14.062740302710477,1800.6683579176722,8,0.93,0.04,Delayed
9,22.05623084452496,53.42855958322411,3,0.68,0.27,Delayed
5,1.7807575074733735,1330.9414754894224,5,0.53,0.96,At Risk
1,17.040666146677317,1927.1549240849654,1,0.03,0.95,Delayed
3,7.839027169568667,1124.7346850890654,5,0.48,0.35,At Risk
8,22.2611124936602,1874.2766994458527,6,0.41,0.04,Delayed
6,23.33433963880346,113.9931797791873,8,0.16,0.18,Delayed
8,22.71812924960898,843.3987049575812,3,0.66,0.39,Delayed
9,11.906926983121666,527.7140040144818,3,0.97,0.95,At Risk
4,20.82698097275421,1464.3337203116523,10,0.56,0.14,Delayed
1,20.42463616630662,1962.781210089521,9,0.71,0.76,Delayed
1,8.33931088459488,520.4948242640531,4,0.07,0.11,At Risk
4,20.065055905465577,1311.8074569334083,4,0.42,0.98,Delayed
7,1.8511755984563303,404.21428919188287,7,0.12,0.38,At Risk
2,14.71420720508722,1135.0072065975037,2,0.61,0.78,At Risk
3,6.29020325761717,933.225648509789,8,0.94,0.34,Delayed
1,3.7730383728774126,1944.2906059667587,6,0.66,0.63,At Risk
5,2.769923637471811,1220.9692726659684,3,0.08,0.19,On-Time
1,17.014641845197215,705.5176804527694,9,0.35,0.15,Delayed
8,8.817124166665522,237.05061192698741,5,0.55,0.94,At Risk
1,17.669635745161514,310.98118918251976,8,0.4,0.92,Delayed
1,2.5031958383756745,458.3806906029578,7,0.83,0.89,At Risk
2,8.251677770104038,509.423656067193,8,0.81,0.63,Delayed
2,13.408299724632755,1702.7259551038642,7,0.61,0.81,At Risk
6,19.186632791296162,1126.8333486822246,3,0.37,0.07,Delayed
7,8.331307567437609,1051.5479136349893,2,0.26,0.33,At Risk
5,15.39550165805121,238.39005501974276,7,0.11,0.31,At Risk
1,21.377488209432304,1721.6779897653755,3,0.35,0.64,Delayed
1,15.164853328193004,1448.4004633848826,3,0.41,0.36,At Risk
3,6.3580679193335765,144.66004018100315,2,0.68,0.15,At Risk
2,1.5612179758003744,1418.5918434872397,4,0.66,0.6,At Risk
5,21.012274099721388,1091.6410525118656,8,0.07,0.81,Delayed
6,1.489196449558904,172.63343803608873,1,0.4,0.38,At Risk
7,21.118138471736586,922.0182766420263,1,0.18,0.13,Delayed
4,13.165554082625876,974.5456113887935,5,0.16,0.2,At Risk
7,22.598557065796612,339.89133492491874,5,0.83,0.24,Delayed
8,19.372014422794305,1891.939312530562,1,0.04,0.3,Delayed
1,23.952484542266763,1701.4509892465173,6,0.42,0.64,Delayed
6,9.066371755389333,1341.3544512849255,1,0.17,0.6,At Risk
8,18.645330645415918,929.9681663912083,5,0.88,0.7,Delayed
5,10.24441101301257,829.413427753172,9,0.56,0.36,Delayed
4,12.037139266989904,1305.4371996303987,5,0.23,0.82,At Risk
2,15.432625654022512,1095.409420119742,6,0.5,0.2,At Risk
6,21.09457362628579,133.92348070495237,8,0.73,0.47,Delayed
6,23.63391979158379,1029.88027105296,1,0.96,0.8,Delayed
1,18.67028851888392,1614.7431982933506,2,0.22,0.18,Delayed
9,10.608635989848677,923.8873564179465,9,0.89,0.11,Delayed
6,10.691211052372614,113.39358933299414,3,0.93,0.88,At Risk
3,17.964392936544503,1574.6936167742258,6,0.92,0.34,Delayed
4,6.491874352670954,410.71392645058904,5,0.64,0.68,At Risk
4,3.540904602022077,524.6554614271971,2,0.63,0.03,At Risk
3,9.15630962573786,337.7656433302688,7,0.4,0.69,At Risk
3,7.60649680804388,667.1279790942801,4,0.75,0.32,At Risk
3,7.815086770487772,1515.9354963203837,1,0.53,0.06,At Risk
4,6.372978274147929,1043.5778604128352,4,0.68,0.61,At Risk
7,1.9681433616363233,417.713735559918,6,0.43,0.24,At Risk
4,1.4111004988685176,1756.8818555225612,7,0.73,0.39,At Risk
9,23.717614963928725,1760.367891353543,7,0.82,0.08,Delayed
1,10.838782075924835,1742.4510658415538,7,0.15,0.15,At Risk
8,9.83951288467268,485.2044606492632,3,0.83,0.3,At Risk
7,16.631887501940607,907.9662949201663,6,0.54,0.09,Delayed
2,6.019839420896476,1970.1294157203415,8,0.84,0.91,Delayed
8,22.849107230855182,1546.3048278568808,4,0.43,0.01,Delayed
1,19.085935331557696,64.06316823886404,8,0.38,0.48,Delayed
9,3.056453053181969,139.75713660837917,2,0.92,0.12,At Risk
9,10.604357843053352,933.2234398565422,10,0.25,0.31,Delayed
2,21.219721073929787,1819.3482096645048,9,0.84,0.93,Delayed
7,22.728836512702436,1082.0165779259014,9,0.48,0.16,Delayed
3,11.750234758747004,1000.6468909882376,8,0.51,0.97,Delayed
7,15.108461951846277,219.89266291369486,10,0.31,0.21,Delayed
9,4.8417807601177305,1316.992408401345,10,0.57,0.74,Delayed
4,23.79687840115046,1645.9852895944487,1,0.33,0.55,Delayed
1,6.328449131819198,767.035814940049,2,0.04,0.88,On-Time
2,22.68283080510789,1553.4675833414017,6,0.27,0.55,Delayed
1,15.941872926824475,1929.308541262615,10,0.01,0.53,Delayed
5,14.97794628221376,415.4952536641013,5,0.98,0.2,At Risk
5,12.791835753379697,1051.4259660775351,9,0.97,0.17,Delayed
7,6.30540566950845,581.4045365883053,5,0.4,0.92,At Risk
9,5.06014473612669,1587.7802938773402,2,0.73,0.33,At Risk
9,6.071182808614033,1159.4107981035033,10,0.35,0.37,Delayed
3,5.288080029317854,1272.8190109251045,4,0.67,0.76,At Risk
3,18.930442892035327,1597.8491776356293,9,0.81,0.34,Delayed
3,9.052880960834791,797.9812405982852,1,0.95,0.95,At Risk
4,2.3303815609581164,1831.029236130016,1,0.4,0.74,At Risk
8,23.28936049323866,1070.7274458198185,7,0.78,0.6,Delayed
6,21.32707535415879,324.33009744234255,3,0.27,0.88,Delayed
8,22.3383025134899,1394.8392451559168,10,0.99,0.05,Delayed
1,23.88287992086801,1588.5900873721262,2,0.03,0.26,Delayed
8,4.999590732048208,640.3557373643781,9,0.6,0.47,Delayed
4,10.113566434761152,1715.7867214275184,3,0.66,0.23,At Risk
1,18.4394849411941,1813.2250769838752,2,0.69,0.74,Delayed
8,17.00847421523722,561.0399298818397,8,0.12,0.92,Delayed
4,4.539605845816666,1967.2077307032919,10,0.94,0.42,Delayed
6,19.764161874784207,290.0159408170293,6,0.18,0.34,Delayed
8,6.162133152243195,412.01118012095503,6,0.62,0.96,At Risk
4,6.1478051409203305,376.607430083672,10,0.22,0.44,Delayed
3,13.350411726548511,1789.0395229156622,7,0.31,0.49,At Risk
9,14.637618501359173,1312.042179126674,7,0.55,0.35,At Risk
3,14.341982780269657,312.687523612323,6,0.42,0.91,At Risk
9,3.104197260148362,886.2436025530145,4,0.16,0.57,On-Time
2,21.181599840498748,1234.443069888906,9,0.17,0.76,Delayed
2,7.10880097954024,176.09352912887275,6,0.42,0.81,At Risk
2,3.978843189504496,1766.008573130604,4,0.76,0.34,At Risk
6,21.441205836986477,1609.171035528655,3,0.9,0.43,Delayed
3,22.979984459284328,1015.36147941751,4,0.08,0.85,Delayed
9,20.828935197105363,1934.5819643657492,3,0.39,0.36,Delayed
4,19.618869718672197,841.3443487574484,2,0.1,0.79,Delayed
1,16.0705655546975,1968.3795348826307,5,0.02,0.94,Delayed
4,13.669719524010205,1339.1607976192179,2,0.66,0.62,At Risk
1,3.000695477962433,1272.9958337753435,6,0.6,0.74,At Risk
5,10.39442390062607,340.2502416386121,3,0.16,0.81,At Risk
4,9.571835891283222,1765.0362390262414,6,0.23,0.85,At Risk
8,6.974337026487503,860.7044789620242,10,0.02,0.4,Delayed
8,17.638662614837454,332.84447750713394,9,0.83,0.05,Delayed
7,12.405141906811728,35.088964751760486,1,0.97,0.4,At Risk
3,2.8640629658759025,1123.9138104403812,6,0.14,0.67,At Risk
1,6.064213644845661,1059.5252480241259,9,0.23,0.45,Delayed
1,16.714951564170704,1441.5137085146255,4,0.87,0.75,Delayed
3,2.751009768276904,1781.6135255054262,2,0.93,0.36,At Risk
6,20.57775902312168,168.01910343962874,4,0.42,0.63,Delayed
7,12.38837012132141,1465.678015777321,1,0.05,0.19,At Risk
6,12.053491278512904,382.9497687541886,3,0.04,0.75,At Risk
6,14.625379047168904,1717.7723357827563,10,0.57,0.55,Delayed
6,19.96766221627843,1639.9363925846956,9,0.39,0.2,Delayed
3,8.99961178175044,1086.1795724212334,10,0.03,0.29,Delayed
6,16.594371508858462,1423.3831692603899,5,0.58,0.75,Delayed
8,14.011835171903195,635.5567252356593,6,0.01,0.48,At Risk
2,7.141650213896691,947.6241188763012,3,0.79,0.22,At Risk
5,21.208489686168633,1645.0574264438385,5,0.31,0.97,Delayed
1,19.340798496959348,923.9377423746956,8,0.04,0.72,Delayed
1,16.144392197143787,722.0185479976292,6,0.59,0.96,Delayed
5,20.563379769167565,993.4827700280968,4,0.4,0.43,Delayed
3,20.947766622075456,1658.2160123500646,2,0.97,0.48,Delayed
4,17.2923484644458,677.0640142680368,9,0.54,0.9,Delayed
3,20.251306552364458,355.78557034013016,1,0.28,0.53,Delayed
1,17.041843618393525,1426.9079004582536,1,0.71,0.71,Delayed
1,16.64323775048691,1653.6966432890829,4,0.27,0.25,Delayed
5,15.228061698949238,210.26858226183134,7,0.9,0.45,At Risk
6,18.312482709825748,487.34948438433,1,0.37,0.12,Delayed
3,4.647917421740695,292.52425962437786,9,0.55,0.21,Delayed
9,21.260027461575355,702.4034090485115,4,0.05,0.0,Delayed
5,21.052401138140336,906.1984480217711,3,0.43,0.04,Delayed
8,1.6726875097948604,1500.1644105569799,1,0.83,0.98,At Risk
1,19.99378526298954,1305.7836939145316,10,0.81,0.24,Delayed
5,3.96400695188924,1245.6478492820781,4,0.22,0.66,On-Time
3,8.707733647960264,711.2261437532122,9,0.23,0.84,Delayed
1,18.100689894706978,1684.4806306386722,10,0.82,0.55,Delayed
4,4.697477609111089,947.8614631223475,6,0.93,0.15,At Risk
5,19.81324155473843,1958.4188266501576,6,0.1,0.73,Delayed
7,20.139086093028062,1271.9428552085162,1,0.45,0.6,Delayed
1,12.671757876499232,261.2668357133605,10,0.34,0.73,Delayed
3,1.1468750494871722,1355.5933485301136,2,0.87,0.77,At Risk
2,7.601877063022994,656.956990709081,6,0.08,0.98,At Risk
9,15.18931912264207,1375.7911214053338,2,0.21,0.57,At Risk
6,23.56728209463074,148.58588484318742,3,0.75,0.34,Delayed
3,15.531711121383372,358.0140599801592,4,0.05,0.65,At Risk
8,6.975482364475675,1712.9171452225148,5,0.49,0.07,At Risk
8,15.582131171291062,462.0873184767946,9,0.44,0.9,Delayed
2,13.419663733464676,1675.7118392334507,4,0.33,0.12,At Risk
6,18.936444088476303,565.7594160242768,9,0.39,0.33,Delayed
7,3.4605546930200433,1289.3350010168283,10,0.53,0.82,Delayed
2,18.503641757546646,1391.3596412845636,3,0.16,0.6,Delayed
2,13.449131309550536,1030.1829587586553,8,0.57,0.39,Delayed
1,23.148816088756877,617.5682466264952,1,0.81,0.47,Delayed
8,8.86305981888978,433.1623089784813,9,0.76,0.85,Delayed
1,15.550303542080806,76.04681557922818,9,0.15,0.34,Delayed
9,22.4366464267304,614.8533384690404,10,0.15,0.87,Delayed
6,3.357723743785623,1309.793953157253,2,0.27,0.09,On-Time
7,22.556255206438376,1877.2265887124806,4,0.36,0.78,Delayed
7,16.821371612918707,1743.6969197034734,8,0.41,0.85,Delayed
3,2.560252359418954,1534.468905305252,7,0.68,0.18,At Risk
2,7.922162039776774,1579.0102130740643,1,0.06,0.43,On-Time
9,17.287958038841477,1333.3199579172306,5,0.03,0.17,Delayed
8,2.549063833781749,527.970846556346,7,0.39,0.71,At Risk
7,14.389920584054286,1815.3181111046015,4,0.7,0.54,At Risk
9,8.955310309918005,1344.7573006926098,1,0.19,0.64,At Risk
4,15.281056908651973,1125.2768556510755,9,0.64,0.2,Delayed
4,2.0520667776877954,230.86904373482733,5,0.26,0.21,At Risk
1,21.045346541504653,899.6405321747866,2,0.89,0.04,Delayed
8,23.39024629108013,926.1129596918333,8,0.9,0.32,Delayed
3,23.284190671570904,1730.4815829501133,2,0.3,0.56,Delayed
7,18.24199213008727,1097.829958173699,3,0.23,0.86,Delayed
2,3.991983523004535,766.9970924511152,10,0.41,0.67,Delayed
2,18.44005350636752,1953.832653736212,1,0.24,0.44,Delayed
7,1.5654990785524348,230.33398071936818,2,0.67,0.95,At Risk
6,1.5088416851669368,850.8713723407698,7,0.83,0.72,At Risk
3,8.443035040439447,93.62910359109652,10,0.67,0.93,Delayed
9,12.238793379307312,1482.4092003261915,2,0.82,0.53,At Risk
6,18.719370609579244,1836.9723388763098,6,0.4,0.26,Delayed
6,16.71579366194962,567.2742858054739,3,0.16,0.05,Delayed
1,11.255762246665212,1718.0999368302505,4,0.74,0.73,At Risk
4,7.2934133244783155,591.5142786191766,8,0.36,0.12,Delayed
6,23.933863503627357,1822.4326216713912,3,0.67,0.3,Delayed
6,10.802169951427377,1510.3841881576,10,0.27,0.53,Delayed
5,11.381901559582536,1611.764485914463,6,0.08,0.56,At Risk
1,4.763347887408392,45.83304564490445,1,0.99,0.6,At Risk
8,19.280619621248377,1925.9926105773116,7,0.16,0.17,Delayed
5,16.954691192974238,1456.0752742199434,8,0.99,0.38,Delayed
5,6.077701094141489,616.4546798184053,8,0.98,0.62,Delayed
7,2.8947640491643822,1660.4953830691054,3,0.79,0.97,At Risk
4,16.6514839477184,570.2271848457106,10,0.66,0.73,Delayed
6,16.053757928466112,1746.7801407365946,1,0.58,0.92,Delayed
4,7.284969120958815,234.03497691975466,9,0.87,0.76,Delayed
3,22.869861931759438,1410.3350951469836,6,0.29,0.59,Delayed
7,4.474331510960705,1085.9899685233715,9,0.47,0.19,Delayed
8,10.943700423979845,202.10359568892721,7,0.62,0.67,At Risk
4,22.703166163854775,491.3687182350896,1,0.41,0.62,Delayed
2,10.653728289300814,34.68403219185643,1,0.43,0.6,At Risk
3,15.686096796273967,942.8482512743666,6,0.33,0.49,At Risk
1,10.144671153144268,609.5178689124008,5,0.56,0.53,At Risk
8,7.3069496540194105,1200.73139375254,9,0.85,0.33,Delayed
3,23.63148590307605,601.5032373401482,2,0.2,0.52,Delayed
7,10.41468214524599,606.8390318988995,8,0.93,0.2,Delayed
5,21.56428168462009,1488.9544654758906,5,0.69,0.81,Delayed
5,6.288955935494982,105.80424359692336,2,0.82,0.19,At Risk
7,5.901408192576916,1806.7610404320546,10,0.56,0.08,Delayed
9,1.7160839063437612,1706.005110038451,6,0.78,0.44,At Risk
5,15.988336983645356,1338.931319620549,10,0.02,0.66,Delayed
1,9.476105905646506,1190.5109245136948,8,0.82,0.44,Delayed
1,20.880239746311652,1785.681971297908,4,0.04,0.28,Delayed
2,11.883827853905814,378.80705726214177,2,0.89,0.56,At Risk
6,23.2684488420386,167.14863275974895,5,0.99,0.35,Delayed
9,5.267086861171786,486.62523811998085,2,0.29,0.93,On-Time
8,20.978332862979048,1591.2107746133786,2,0.21,0.92,Delayed
5,18.86172761421006,78.99383078570182,6,0.77,0.5,Delayed
1,18.731202426813198,1169.7856018161444,10,0.25,0.33,Delayed
7,20.430014246688415,1990.9206572207067,9,0.87,0.74,Delayed
5,18.503551791688974,1712.8352267367034,4,0.1,0.04,Delayed
6,15.403067397522554,1047.676921196743,6,0.13,0.47,At Risk
7,4.018632186694914,136.64540948041827,7,0.98,0.34,At Risk
3,1.748102128298794,1664.4332936275625,6,0.67,0.92,At Risk
3,22.1795004997608,1201.967231272649,8,0.85,0.01,Delayed
5,15.182957233976975,238.716664148538,4,0.32,0.55,At Risk
6,19.320357692452056,196.77599679847884,1,0.68,0.74,Delayed
9,12.075014084788652,1820.1573706788188,7,0.59,0.49,At Risk
5,3.698088346135073,1341.7085232467762,3,0.6,0.09,At Risk
1,3.87927322065866,1660.2807306403436,6,0.68,0.97,At Risk
4,16.768001606266342,1759.168011561712,2,0.58,0.52,Delayed
5,10.897035582687643,1147.8269805761613,9,0.43,0.61,Delayed
5,5.612068714107744,1039.718239992532,1,0.28,0.24,On-Time
7,12.306674575053048,866.5505465387705,6,0.77,0.48,At Risk
4,2.476805552728084,640.7237097043273,6,0.23,0.43,At Risk
1,14.385342244031172,874.8459621088364,5,0.69,0.07,At Risk
5,7.186848302007246,1550.0205149030112,5,0.23,0.11,At Risk
7,19.343859314655326,1207.8276277201119,1,0.63,0.84,Delayed
6,8.138325055242197,1786.1213470101436,10,0.75,0.24,Delayed
5,11.470063428881428,892.3262286145836,5,0.22,0.19,At Risk
4,1.2672724178863146,1218.1082616503204,2,0.06,0.5,On-Time
2,2.666278419274854,1266.3020306530575,7,0.13,0.77,At Risk
4,10.02735179735375,1187.4773529895879,3,0.61,0.06,At Risk
3,12.03859319849384,1408.2412084401776,4,0.85,0.58,At Risk
1,14.800472606743986,482.4926020658645,3,0.04,0.12,At Risk
8,7.708239310313974,1029.6039173161234,3,0.73,0.04,At Risk
5,16.98458338091048,217.40735758861186,4,0.34,0.05,Delayed
4,20.782815135351704,775.177542013177,5,0.48,0.83,Delayed
8,18.936572744547046,980.4574665563161,1,0.93,0.12,Delayed
7,1.9112329830122143,1307.9262764954901,4,0.33,0.05,At Risk
2,12.051659786930065,1901.556794646545,8,0.47,0.44,Delayed
1,3.413394103618022,1205.2956224312281,10,0.01,0.84,Delayed
4,6.567035364838132,1489.751893191354,7,0.08,0.26,At Risk
8,23.693239645144367,1017.4694583954534,9,0.26,0.42,Delayed
2,4.277397486734804,1271.8670224388993,5,0.03,0.04,At Risk
3,12.47442752938119,151.15511010620912,10,0.63,0.45,Delayed
1,15.217581889316738,516.2392458752755,4,0.43,0.58,At Risk
1,17.15669432251439,730.087655478226,8,0.55,0.57,Delayed
3,13.871919720199024,950.261776462962,9,0.17,0.33,Delayed
5,1.224729490641224,100.84100354974363,7,0.3,0.32,At Risk
3,8.508610089611814,288.6479541311022,7,0.66,0.11,At Risk
1,12.907367797848362,560.8604725046985,5,0.97,0.37,At Risk
1,3.020929480331167,1943.3500548930908,4,0.05,0.1,On-Time
8,9.064419417811157,669.380544135071,10,0.89,0.77,Delayed
2,1.763671502201431,969.2617056430443,1,0.58,0.97,At Risk
3,2.8073054345654773,400.23444834940193,10,0.56,0.97,Delayed
2,10.129235352636709,1225.4523414407788,10,0.5,0.87,Delayed
3,4.052462342990388,568.5595988767889,7,0.07,0.6,At Risk
7,14.053439510015837,421.9152310924693,1,0.09,0.7,At Risk
1,16.857694290157113,1037.9795306074984,1,0.6,0.29,Delayed
8,19.413494079508904,20.956540329237434,5,0.34,0.63,Delayed
2,5.603455617630632,25.2514249719584,9,0.92,0.46,Delayed
3,4.852099391958604,445.946930112697,6,0.41,0.48,At Risk
9,3.405060327691206,83.07551137663407,3,0.14,0.76,On-Time
7,15.637895739503644,224.97125072007583,3,0.71,0.28,At Risk
4,17.248941709198725,684.3326921841157,7,0.29,0.32,Delayed
5,1.7264813309897669,1607.1455023638275,6,0.53,0.92,At Risk
2,22.532881663604865,1148.3768003049086,9,0.7,0.06,Delayed
8,2.1953395239838653,1030.2087746532686,6,0.9,0.49,At Risk
4,13.449815711924622,594.042758184162,5,0.79,0.91,At Risk
9,17.308391947371078,1864.1899016713046,10,0.68,0.61,Delayed
5,21.03228984615997,800.0599320620114,7,0.68,0.55,Delayed
9,17.42399943904584,183.31460592358528,1,0.95,0.25,Delayed
4,19.43974591060521,1237.9623670744245,7,0.3,0.34,Delayed
5,8.80735442848454,236.5384030184368,3,0.0,0.85,At Risk
9,19.740977616169783,696.9940541753673,9,0.27,0.56,Delayed
8,2.842641466847528,1019.7497580484396,6,0.22,0.51,At Risk
3,21.580783089392135,1749.7028241234998,9,0.66,0.1,Delayed
1,13.594624651535934,992.1576948768361,5,0.63,0.02,At Risk
3,19.797848709137355,1407.494944403012,7,0.59,0.96,Delayed
4,11.403320543920904,1985.7055096081501,4,0.02,0.38,At Risk
2,15.802286989520073,271.66334859698344,7,0.73,0.6,At Risk
1,13.107261201530603,556.7157357838438,1,0.32,0.08,At Risk
7,17.826559000372633,795.2063904393164,7,0.67,0.68,Delayed
8,2.87748958670356,849.4380752922744,8,0.56,0.93,Delayed
7,2.3880979317829674,827.9319397784361,5,0.34,0.58,At Risk
5,6.683374382233368,1816.1458950875442,2,0.13,0.13,On-Time
1,4.669527642603332,1430.9249624890442,5,0.09,0.58,At Risk
7,21.05102203162064,1219.7313760405004,6,0.83,0.77,Delayed
7,6.0419217092350195,625.6517085469363,2,0.92,0.41,At Risk
9,23.44490088384002,1649.3428646003765,6,0.65,0.88,Delayed
3,8.748603210735457,1910.570417855128,6,0.1,0.65,At Risk
9,5.188712060840084,1644.1845822749508,1,0.4,0.9,At Risk
1,19.16306566427702,13.11455933103108,1,0.73,0.62,Delayed
1,16.15027883652015,1276.43872666498,10,0.78,0.13,Delayed
4,12.458501478422196,111.75940906978045,3,0.12,0.31,At Risk
9,13.77336167156552,522.6383684641065,10,0.0,0.2,Delayed
6,17.541640900262067,128.45415369206566,10,0.71,0.91,Delayed
3,6.254459050619871,1211.5529513692816,3,0.36,0.76,At Risk
1,23.915680069305065,1376.3139278502874,4,0.25,0.68,Delayed
4,23.420242729376014,237.8303997511512,2,0.01,0.3,Delayed
9,15.957490785979548,773.8393772595092,9,0.54,0.18,Delayed
3,5.589476371370338,917.9106528215286,10,0.85,0.76,Delayed
9,16.6452495759197,744.415513304224,7,0.96,0.47,Delayed
7,2.660563406521044,250.83975096553417,7,0.57,0.23,At Risk
4,1.7050075507335394,843.706102473076,6,0.51,0.62,At Risk
3,6.9267064357579144,1504.844315138752,3,0.09,0.04,On-Time
5,11.640328005004275,151.30525242117838,6,0.55,0.33,At Risk
5,20.97026762439275,169.55822802298786,8,0.38,0.47,Delayed
3,17.724888604625086,715.9948707536086,8,0.61,0.15,Delayed
9,18.082249987599564,1884.0341661216607,9,0.39,0.98,Delayed
4,10.786346692305733,1340.459566978599,1,0.24,0.21,At Risk
5,8.956504828580147,1360.553213778404,1,0.09,0.13,At Risk
4,9.533891548645862,730.2207817673512,3,0.31,0.2,At Risk
5,23.71593996592933,1191.3849745049915,3,0.1,0.77,Delayed
7,1.922511402487097,30.161056215209324,10,0.18,0.43,Delayed
9,20.941724410816317,1275.831132354989,8,0.99,0.57,Delayed
7,14.309534397165049,1827.4410256767112,10,0.44,0.02,Delayed
5,11.08815464136058,1229.0212020061902,1,0.53,0.03,At Risk
7,17.68092618954814,1748.6602009980265,2,0.87,0.45,Delayed
5,12.193385652768166,1450.7063803775268,2,1.0,0.82,At Risk
3,21.088734475878194,249.91124864334358,3,0.58,0.89,Delayed
7,21.716142872258946,1805.882081498825,6,0.81,0.09,Delayed
2,10.699581318089475,142.22325026799203,1,0.33,0.54,At Risk
9,7.367039336406187,1072.59527037005,2,0.31,0.91,At Risk
1,14.624057557647332,292.8528763489808,1,0.4,0.39,At Risk
6,21.98435694918389,33.29615535449909,5,0.67,0.83,Delayed
7,5.8452303471303315,849.8481776540016,7,0.68,0.13,At Risk
8,15.328231421960105,597.1310082317709,8,0.32,0.94,Delayed
9,15.525885062127973,977.14098265723,10,0.13,0.75,Delayed
2,17.86159951555146,1158.627774601756,1,0.63,0.94,Delayed
2,4.026056757926975,97.04075389480523,7,0.13,0.68,At Risk
5,17.463974187688038,254.77655729625383,5,0.58,0.36,Delayed
5,21.907747975309743,1121.6983689363465,10,0.69,0.94,Delayed
6,5.132711504015566,692.9030328135899,1,0.7,0.28,At Risk
3,6.463496473249186,1461.0552402234016,3,0.75,0.33,At Risk
8,23.34208716295771,1308.06038069796,7,0.87,0.7,Delayed
1,5.162469912318265,1692.7526823499145,10,0.5,0.77,Delayed
6,20.65085714750032,1388.0607250717583,1,0.73,0.93,Delayed
4,12.322390698304801,865.5628440063948,7,0.62,0.2,At Risk
1,6.686314711273072,1349.2035785649205,5,0.19,0.8,At Risk
7,21.027247729267764,558.0085367682829,1,0.03,0.74,Delayed
9,11.242020865061306,619.5638625686432,1,0.28,0.06,At Risk
4,12.840799140382874,1580.0804682423786,1,0.44,0.39,At Risk
4,9.26236749619461,898.3748376391485,9,0.62,0.28,Delayed
6,14.637869583003331,1598.7768776315215,3,0.85,0.3,At Risk
3,4.761049069455524,1646.620523599874,5,0.2,0.98,At Risk
6,9.994875342990497,1716.5490519459547,10,0.13,0.64,Delayed
7,23.296483413711613,1834.1041193240026,9,0.96,0.72,Delayed
3,6.937068952125934,867.6605888214596,6,0.11,0.98,At Risk
7,16.10494328444972,644.5449684590662,9,0.48,0.38,Delayed
3,8.479371477167982,1168.5755057222866,8,0.59,0.8,Delayed
2,18.789881890791815,748.6331226408789,8,0.54,0.43,Delayed
4,4.010094196522046,1206.1375919324637,1,0.09,0.87,On-Time
8,23.30588403680653,1414.115866661211,9,0.06,0.18,Delayed
9,11.437159451823703,1379.9259867993524,6,0.11,0.95,At Risk
7,6.429160656968671,755.3602451700415,9,0.59,0.22,Delayed
1,2.6904251885902912,342.0518013805181,3,0.54,0.33,At Risk
3,4.904431817013437,866.753383539793,3,0.23,0.76,On-Time
9,12.954800816788406,293.76234672299836,6,0.64,0.39,At Risk
1,8.751073057919584,1781.2931000157787,9,0.82,0.61,Delayed
9,20.064317415300017,698.2961468683362,7,0.04,0.44,Delayed
8,10.910413044221537,317.37489697441436,3,0.5,0.74,At Risk
1,6.720428269515487,60.64104221244425,3,0.69,0.23,At Risk
6,15.194334691892692,1295.1865487101036,2,0.25,0.06,At Risk
5,17.255875988365254,1277.4356117349391,9,0.31,0.3,Delayed
6,4.841963881721847,687.8022914967704,3,0.61,0.47,At Risk
5,4.855241974631307,152.70665880682552,5,0.9,0.17,At Risk
6,1.8434428194714885,825.1615008415117,9,0.81,0.35,Delayed
5,17.93724634650973,629.3228151761532,8,0.58,0.4,Delayed
5,16.267504135301515,1357.4700730726686,2,0.73,0.06,Delayed
4,11.91651014224572,1215.5007064108538,3,0.36,0.58,At Risk
3,20.415920326291534,735.5415191131045,2,0.64,0.88,Delayed
3,19.530413517851223,443.6061829674303,8,0.47,0.15,Delayed
4,14.463150381125299,1976.191572649628,6,0.19,0.6,At Risk
9,20.97023945180495,913.4632261802686,6,0.7,0.66,Delayed
2,5.73434783084567,1379.6657292026716,9,0.56,0.42,Delayed
9,3.574151246147741,289.70040548093795,8,0.36,0.7,Delayed
1,7.204241064890761,976.3235023222016,4,0.91,0.41,At Risk
1,2.3129976900542415,64.79807254023632,4,0.02,0.5,On-Time
5,13.216899144023737,1015.8556846417954,9,0.32,0.01,Delayed
6,22.541930922784115,1928.3946401642277,1,0.06,0.69,Delayed
6,1.9049014353757219,774.5713588417425,2,0.77,0.66,At Risk
3,3.8085280222306164,87.60206502407407,2,0.7,0.04,At Risk
7,11.400577650519011,71.60202392949361,6,0.33,0.37,At Risk
9,22.479125403141815,782.0936522942703,4,0.68,0.98,Delayed
8,8.271590414465262,328.44962356175614,10,0.4,0.42,Delayed
6,12.666400599833025,56.47067169308996,3,0.76,0.5,At Risk
8,1.9561757581590182,1514.865091760852,3,0.45,0.91,At Risk
5,4.411893622128044,922.4607876749625,3,0.41,0.72,At Risk
8,23.692492828053478,585.5970962255825,6,0.93,0.58,Delayed
4,23.19773001802905,1801.1655342027966,8,0.25,0.8,Delayed
8,1.1136195614914213,241.11653079904596,7,0.12,0.86,At Risk
2,22.891671064734496,1912.2784696210852,4,0.58,0.46,Delayed
5,15.699758569756508,634.7937675809321,4,0.97,0.48,At Risk
9,20.962120773960507,1777.9233078942757,10,0.38,0.39,Delayed
4,11.45901667957876,1209.8563241941285,2,0.06,0.97,At Risk
6,12.858708657322756,1655.14764588556,1,0.34,0.7,At Risk
1,12.243471345909164,1968.186194788824,9,0.51,0.08,Delayed
9,16.3378779235604,583.926821259304,2,0.16,0.86,Delayed
1,4.211978859395197,1922.65961596111,8,0.66,0.48,Delayed
5,1.689392567071593,785.0689708558165,9,1.0,0.07,Delayed
4,8.082388656597391,777.1686904264755,4,0.45,0.55,At Risk
3,17.207657542942876,687.3703374664664,8,0.35,0.42,Delayed
6,5.642629398827812,1087.4011386216946,9,0.4,0.88,Delayed
2,16.488945966473096,316.7486359251893,10,0.12,0.2,Delayed
3,23.30797706046722,1111.8858558624422,10,0.88,0.83,Delayed
5,3.159716463156623,1087.992576695908,5,0.41,0.56,At Risk
9,16.469848719177904,1526.1846070836914,7,0.39,0.05,Delayed
2,11.206255044005136,1668.9634242557952,10,0.66,0.97,Delayed
8,20.967271850682625,886.4782871217238,4,0.44,0.51,Delayed
2,5.074445157289876,611.6431662094726,1,0.65,0.29,At Risk
5,16.93039690120178,526.0764456610179,3,0.06,0.47,Delayed
7,20.276651661906534,397.3014350426952,5,0.81,0.86,Delayed
8,22.726127047902533,124.71868857605952,3,0.94,0.3,Delayed
1,16.714704650661854,691.4714778810795,7,0.65,0.19,Delayed
6,12.435019572193829,547.7929073402587,9,0.95,0.13,Delayed
1,15.210486524627918,1933.1705978741506,6,0.15,0.3,At Risk
2,20.98481464301052,1119.8405642375874,10,0.48,0.78,Delayed
1,14.124024172693083,701.08130767071,1,0.6,0.47,At Risk
5,1.6989023730272477,1165.130525977455,7,0.58,0.23,At Risk
9,22.41181999666049,287.00143567793407,3,0.4,0.17,Delayed
6,16.859115273725905,893.6470609123838,5,0.34,0.33,Delayed
1,16.559807872876668,1256.2062996279171,10,0.13,0.94,Delayed
1,5.960528505147495,982.9066852669782,4,0.39,0.34,At Risk
2,16.154365815351113,809.5398133021052,10,0.16,0.99,Delayed
9,10.058881330045645,1987.7582939103993,5,0.73,0.49,At Risk
3,15.978358471954317,1761.8263766763648,5,0.21,0.18,At Risk
1,3.4516396970837864,1250.5778567372859,6,0.06,0.89,At Risk
5,16.13044200586983,1143.0609487527427,10,0.55,0.46,Delayed
7,23.98651569272533,1245.1143548509224,10,0.6,0.71,Delayed
6,2.1088768937927886,410.6110945666422,6,0.87,0.98,At Risk
1,23.475006237090298,796.324109095994,8,0.58,0.05,Delayed
5,10.358883096626023,88.52447045288964,8,0.35,0.1,Delayed
5,21.02732935775696,956.3366145987851,9,0.8,0.72,Delayed
6,18.994866133340288,1090.6189220757497,8,0.54,0.28,Delayed
3,14.04137400269336,463.2219748453871,2,0.08,0.18,At Risk
5,17.98433181278051,1928.4174058593724,10,0.57,0.04,Delayed
7,21.205857909931,1819.8146757651116,1,0.91,0.02,Delayed
5,10.295227397973758,1447.0650385572526,10,0.4,0.77,Delayed
5,8.521762715954491,1071.4393912430714,2,0.3,0.13,At Risk
5,16.35464786796245,1741.238627698893,2,0.14,0.47,Delayed
3,19.58045666464895,269.9981642086912,3,0.15,0.61,Delayed
1,18.53255809986216,1583.114490607021,10,0.43,0.43,Delayed
5,19.349713923748592,258.3934197940281,7,0.6,0.03,Delayed
9,11.018416240697459,1590.4792184733167,2,0.08,0.78,At Risk
1,19.810186972025498,558.7774608202003,1,0.94,0.01,Delayed
3,3.764808273523994,1755.410256226196,6,0.76,0.76,At Risk
4,13.52324925309954,1888.6437667125417,9,0.59,0.89,Delayed
1,1.132449191456796,306.10397911618014,3,0.83,0.43,At Risk
1,8.465474087706216,930.7244540801331,6,0.08,0.54,At Risk
8,9.428615302042152,1962.1648825437433,3,0.48,0.48,At Risk
2,10.111971907012874,971.9807975865617,1,0.63,0.39,At Risk
8,16.995745753866828,1728.4595698039448,5,0.83,0.89,Delayed
7,9.936836329217952,1181.5757290413264,10,0.78,0.89,Delayed
2,11.319953320318206,756.9065167600077,4,0.28,0.34,At Risk
6,6.463515010109532,578.7092754964817,7,0.94,0.62,At Risk
6,9.584791207474822,414.4139512613137,6,0.12,0.93,At Risk
3,6.227201427052484,1525.9784008416175,10,0.88,0.96,Delayed
2,2.6835062466742037,779.2156085778255,7,0.97,0.51,At Risk
1,14.879317647771693,1027.4381697794947,5,0.18,0.45,At Risk
6,16.368894366765375,989.727705202352,4,0.72,0.28,Delayed
5,15.248277958221134,1158.7852681739312,7,0.04,0.96,At Risk
9,11.660363007413164,1732.498519792859,7,0.41,0.14,At Risk
1,9.735072944122285,1961.6712937310244,6,0.52,0.58,At Risk
7,20.856673940151982,821.0925750618957,8,0.58,0.28,Delayed
5,12.938881058133015,1656.762654991543,4,0.94,0.28,At Risk
5,12.021183185483812,1531.410311362888,10,0.67,0.4,Delayed
2,1.5897675135480207,1151.3226133965907,5,0.48,1.0,At Risk
3,8.848700035401595,1912.5338157877468,4,0.81,0.05,At Risk
7,9.744499232074713,408.94428590152154,1,0.95,0.58,At Risk
6,10.172923960628712,227.4357785161466,8,0.02,0.08,Delayed
2,14.343964492228643,1709.38431424129,1,0.98,0.15,At Risk
6,13.272858574718205,883.9081351011591,5,0.09,0.44,At Risk
2,14.981817134249226,1695.4680198720503,6,0.81,0.51,At Risk
2,18.59231501546895,1787.2495083388758,6,0.28,0.26,Delayed
2,19.69867199047015,134.29061130195217,5,0.13,0.32,Delayed
3,17.516830753209373,1768.0948783422607,3,0.44,0.09,Delayed
2,22.977045006963497,902.1549201851501,5,0.64,0.3,Delayed
4,1.4193494015563175,1025.760653118422,8,0.38,0.97,Delayed
9,5.50289367072156,1256.9190970754885,2,0.05,0.94,On-Time
6,1.1739461244972689,1853.5013873928726,6,0.6,0.33,At Risk
1,15.891918425555868,48.04102791523042,9,0.9,0.57,Delayed
8,21.654702625849698,958.918501952456,8,0.38,0.91,Delayed
7,6.600092821254883,1378.5668644368156,8,0.22,0.01,Delayed
3,22.321794530315053,1448.1868458194747,8,0.44,0.81,Delayed
1,2.3861499766598997,1388.1395387588448,7,0.05,0.95,At Risk
5,22.492028616526827,277.52590752216247,8,0.82,0.09,Delayed
4,9.087321806511591,605.7972208596457,6,0.83,0.16,At Risk
8,3.33267905433198,723.8438955798567,2,0.59,0.96,At Risk
1,12.17505046128549,1610.830043282215,2,0.35,0.54,At Risk
1,6.905861057571682,564.7321461049605,8,0.8,0.01,Delayed
4,7.552076745124225,429.3028780957343,1,0.55,0.26,At Risk
8,8.067669193304592,1915.3215578858114,6,0.83,0.45,At Risk
5,19.46959565015126,27.63793737580311,6,0.63,0.69,Delayed
2,13.400709363530853,1995.6635028071366,4,0.78,0.73,At Risk
6,8.160077080588085,1356.8743847262174,10,0.6,1.0,Delayed
5,15.037677016151122,1658.653905903743,3,0.41,0.29,At Risk
2,17.471465507133452,596.2925987289244,3,0.96,0.54,Delayed
3,7.270352016871277,38.48740255744936,1,0.54,0.53,At Risk
9,10.511629335083084,1478.360341937445,3,0.61,0.41,At Risk
7,3.803380146749794,1669.9477480313449,4,0.22,0.17,On-Time
7,5.166435039297648,1483.547502587503,5,0.63,0.98,At Risk
6,16.665710641194604,294.27207172866883,3,0.57,0.85,Delayed
8,5.17308199699942,1509.3215652913684,6,0.18,0.5,At Risk
4,13.078757824342384,1540.1563363942055,5,0.06,0.6,At Risk
8,17.30806401961595,1320.4956261834093,3,0.6,0.23,Delayed
4,3.458169231179108,1534.5707062632166,6,0.76,0.54,At Risk
8,14.048181051464782,1693.383664958687,6,0.52,0.69,At Risk
9,6.900944025131366,1231.0721873325422,8,0.23,0.52,Delayed
3,23.147318130464335,186.32338079966132,2,0.67,0.99,Delayed
3,12.12154987455827,980.3793412377496,1,0.08,0.61,At Risk
2,19.537828644828636,164.52217599649407,4,0.44,0.37,Delayed
3,13.65521046959402,821.0106317545374,7,0.16,0.77,At Risk
3,1.9984882556608408,820.141913359999,10,0.18,0.17,Delayed
5,15.562481638662515,141.35958983908074,3,0.2,0.38,At Risk
5,22.88227687075311,704.1528625992638,3,0.39,0.35,Delayed
2,14.837071863365617,230.88621659471653,5,0.05,0.43,At Risk
6,19.841343766816173,1618.3880679183521,5,0.4,0.78,Delayed
5,21.33674865701338,1895.8991716692967,10,0.51,0.48,Delayed
6,6.245834754825447,153.90978576329783,3,0.48,0.79,At Risk
1,5.877031317889212,1910.6792625104858,9,0.38,0.58,Delayed
5,15.05256274357281,1049.9274326801228,4,0.84,0.34,At Risk
9,10.453654805554208,606.135699128209,3,0.15,0.81,At Risk
2,20.316809965934567,162.9555297995654,2,0.51,0.24,Delayed
1,21.700531838154255,1006.2422934601315,10,0.06,0.22,Delayed
9,9.128691723962516,1591.08593353659,9,0.07,0.5,Delayed
9,6.448022856413087,1417.1020897607293,4,0.57,0.26,At Risk
9,18.952086850608822,109.94976281330779,3,0.57,0.01,Delayed
6,7.32053881760713,155.074652382128,7,0.88,0.65,At Risk
8,19.920129325814603,811.7178324389479,8,0.56,0.51,Delayed
1,10.745979833921545,597.6280831554071,2,0.96,0.45,At Risk
4,16.35364768370382,472.44480288153517,7,0.05,0.97,Delayed
1,3.197312218197368,569.1989528283401,5,0.1,0.57,At Risk
8,15.34876446756118,1608.9306591608004,5,0.04,0.86,At Risk
1,11.39065661095627,1859.1638267273893,3,0.19,0.14,At Risk
3,14.491994653035905,816.1543621098572,5,0.54,0.57,At Risk
4,4.864326778131859,1813.1608942436692,2,0.65,0.87,At Risk
8,17.948096133716188,649.7764454832851,4,0.05,0.58,Delayed
6,20.844332783494256,958.1096028241453,6,0.95,0.72,Delayed
7,5.98501540208784,459.79770565383944,1,0.84,0.37,At Risk
8,3.20143477696372,1284.5473239299295,10,0.3,0.09,Delayed
2,1.5436874790657371,1958.1724191978697,4,0.08,0.46,On-Time
8,15.765344510195119,1210.9512611263235,6,0.17,0.39,At Risk
3,14.963162830041957,722.0500273859623,9,0.13,0.87,Delayed
7,13.57404049242361,1299.1567175211514,2,0.12,0.24,At Risk
3,6.334783210667434,254.61215014612125,7,0.52,0.97,At Risk
7,9.990837905826837,1778.4315697281434,6,0.25,0.96,At Risk
2,14.67295570928198,1011.1370620518744,2,0.36,0.25,At Risk
6,12.425637753760896,904.2059866588877,8,0.99,0.35,Delayed
3,23.719066964942407,1175.870929022503,7,0.68,0.9,Delayed
3,4.138114308804862,1253.3198869509108,5,0.95,0.97,At Risk
9,16.98832474309466,152.83385439076093,5,0.14,0.44,Delayed
7,10.299331666398718,1368.4082702345709,7,0.38,0.32,At Risk
5,10.84859114328914,491.4440438279039,9,0.55,0.53,Delayed
7,17.504748610138055,1430.7657386881137,9,0.08,0.69,Delayed
9,16.9260314804605,1646.8442408245514,9,0.0,0.27,Delayed
1,23.79888785515033,1609.8774300295154,6,0.67,0.74,Delayed
7,3.9530686574448803,1109.4769251416994,10,0.64,0.05,Delayed
6,3.394521935835826,1045.138085698395,6,0.41,0.05,At Risk
9,17.659792793961046,294.3231630654293,3,0.49,0.39,Delayed
1,14.30289909114741,1552.9388393022398,1,0.42,0.35,At Risk
4,7.305695330875535,550.1046670889616,7,0.02,0.32,At Risk
9,2.826645486746692,998.4238914077137,4,0.34,0.49,At Risk
4,2.970139740717902,575.7054449257582,1,0.18,0.32,On-Time
3,21.56639011727472,276.31844236938935,8,0.1,0.19,Delayed
9,5.412948468531087,1262.8198168145557,6,0.96,0.31,At Risk
2,8.437545928656977,118.12074929757863,6,0.6,0.97,At Risk
4,6.2130972512207245,1499.8040159111379,2,0.73,0.41,At Risk
6,9.164915034134559,641.9977225696222,1,0.32,0.44,At Risk
2,2.5967483831601474,10.268039078925787,2,0.39,0.58,At Risk
8,12.938375190890218,1027.1469870820874,4,0.24,0.98,At Risk
8,2.5550889626209425,103.23529796993022,2,0.1,0.24,On-Time
1,19.408199679914315,559.5774200635899,1,0.18,0.68,Delayed
3,6.37537788393996,1416.8832100368752,7,0.8,0.72,At Risk
9,13.420274035903743,134.75234702751305,8,0.68,0.61,Delayed
5,21.24181901391354,1680.2835997884447,6,0.55,0.09,Delayed
6,15.970179488085465,17.601646090580385,4,0.48,0.68,At Risk
4,13.258029090680711,501.17949971178547,6,0.92,0.06,At Risk
2,8.459676321653639,1484.3990717426223,3,0.07,0.6,At Risk
8,8.659044000338552,639.3775979613205,8,0.28,0.74,Delayed
6,16.398199969558373,212.7658522513669,10,0.35,0.21,Delayed
5,23.865205308086853,726.8654984128515,2,0.78,0.84,Delayed
9,16.22230136653571,548.0826399052058,5,0.99,0.03,Delayed
1,13.829018599510572,1686.9966852995042,1,0.24,0.84,At Risk
5,17.804961735502662,633.5623559944348,6,0.87,0.46,Delayed
6,11.699729082525517,1579.9756188342544,2,0.83,0.22,At Risk
5,2.38327387981806,1784.8255681733622,4,0.22,0.13,On-Time
6,13.932826765191926,873.2966649572937,6,0.4,0.95,At Risk
6,23.025381543623745,1820.7868562702402,10,0.41,0.07,Delayed
7,5.031967674226172,760.8629273867538,8,0.98,0.2,Delayed
4,16.870112488875314,1928.5160488153153,8,0.18,0.35,Delayed
8,5.621474839158299,187.68615380589011,6,0.8,0.62,At Risk
7,13.32403674288087,1377.1683403414531,4,0.33,0.54,At Risk
9,3.2235583418745515,992.689940509288,8,0.73,0.13,Delayed
7,11.358531533938258,781.4211228567376,8,0.42,0.29,Delayed
3,18.391756564590658,1269.0966387097158,10,0.58,0.24,Delayed
3,8.994145057496588,1410.6756123523191,1,0.83,0.21,At Risk
8,16.292969663206016,18.682906604115082,4,0.8,0.41,Delayed
5,19.295349098163772,342.23664660692543,4,0.87,0.7,Delayed
4,22.32508984802741,1428.961640762294,7,0.06,0.22,Delayed
8,6.396767882675432,1336.106973020631,7,0.69,0.37,At Risk
6,10.184266063614087,1932.4345352060677,8,0.14,0.39,Delayed
2,4.505568306599601,1524.465202599058,5,0.42,0.98,At Risk
4,23.82712054964263,1902.0376883853628,7,0.55,0.95,Delayed
4,22.321022262258793,1408.0555980542658,8,0.4,0.8,Delayed
6,13.41901399645287,603.1238951924919,9,0.52,0.24,Delayed
6,20.36676577065769,219.6761952792044,3,1.0,0.07,Delayed
1,12.98203347725697,1565.8294880564217,3,0.14,0.32,At Risk
8,15.342470824063474,1291.8569507370726,4,0.68,0.27,At Risk
6,3.049861938668382,105.8901646626595,5,0.4,0.51,At Risk
3,18.371219671426584,726.5004271429469,10,0.13,0.78,Delayed
9,3.937410123610401,1914.0316328137294,1,0.16,0.86,On-Time
2,19.999555495808153,1005.7982799633004,7,0.95,0.84,Delayed
8,18.986646016418877,871.1309806792123,9,0.88,0.36,Delayed
3,17.301128048088458,920.822214266995,8,0.91,0.69,Delayed
5,1.8316887520695286,425.6766207702758,5,0.99,0.31,At Risk
6,7.971952186742558,743.7272700209425,4,0.21,0.06,On-Time
6,7.051589107949386,745.9283794144815,7,0.36,0.7,At Risk
4,9.283137371844939,114.18649017307008,5,0.67,0.01,At Risk
3,3.0157831755682865,1537.4595807506573,7,0.48,0.41,At Risk
4,22.550029929714444,838.8438194887192,1,0.42,0.33,Delayed
1,13.737451536384654,1646.1379747646824,1,0.36,0.69,At Risk
4,8.02705914513454,1702.1925222285918,10,0.59,0.77,Delayed
1,10.130574892708518,431.86816885032954,3,0.58,0.3,At Risk
1,11.28565843161122,1318.1334295185559,2,0.16,0.81,At Risk
6,14.813669667294198,949.8407902843336,2,0.47,0.29,At Risk
5,12.86062683701945,1761.5119084637554,7,0.55,0.45,At Risk
4,22.146015383931598,439.3239515611437,10,0.57,0.73,Delayed
3,12.430160106834096,1358.848268616988,2,0.21,0.69,At Risk
1,23.81963434093619,1219.426723282918,4,0.74,0.99,Delayed
6,20.5827740281372,597.6499403679472,2,0.03,0.23,Delayed
2,5.795741830218724,281.8357982658335,6,0.35,0.66,At Risk
8,22.403689936810075,1306.7631233497805,8,0.78,0.61,Delayed
5,3.6764271513659503,1479.8089416833382,10,0.56,0.92,Delayed
7,19.801343295297407,638.0984140890665,4,0.26,0.16,Delayed
2,9.754335749961342,1293.2168820044044,5,0.69,0.75,At Risk
8,21.193409370236598,796.3105061468915,4,0.57,0.57,Delayed
2,20.96530387247136,1429.2816977324092,3,0.8,0.27,Delayed
4,19.536284202705286,406.4383970391657,5,0.74,0.47,Delayed
1,19.17070003506241,1781.527855245987,9,0.61,0.33,Delayed
5,8.007620199254937,581.9450969665037,8,0.49,0.58,Delayed
9,2.8611435101788,741.8941156347443,8,0.13,0.89,Delayed
1,10.268544111598713,125.60298463989608,8,0.26,0.57,Delayed
9,4.9910638446897,231.90930251934003,8,0.42,0.63,Delayed
8,16.98387504475662,1036.565186397533,7,0.6,0.52,Delayed
6,8.960293710369069,542.5094266886632,8,0.51,0.05,Delayed
7,23.43903461977804,1672.6056492269668,8,0.29,0.23,Delayed
3,15.742357778942637,39.239843423358145,8,0.01,0.49,Delayed
1,19.9170529635903,764.397156857153,10,0.5,0.31,Delayed
5,4.048067473062513,681.3176380704945,7,0.29,0.18,At Risk
2,20.826333092270318,48.46198552602606,1,0.73,0.5,Delayed
5,22.22341538180807,257.49311401101534,4,0.02,0.32,Delayed
8,12.202424132835526,833.1489230880842,4,0.58,0.26,At Risk
9,14.94381756827248,990.8005230504187,5,0.94,0.46,At Risk
2,18.590625420768895,814.5365970371895,10,0.17,0.13,Delayed
3,5.021288426989488,1066.5659800400667,6,0.47,0.93,At Risk
3,12.559019758659176,1194.3120330623062,4,0.09,0.87,At Risk
1,10.169249638763201,29.748404044392906,2,0.63,0.71,At Risk
8,4.36660181973173,933.5493673124727,6,0.55,0.11,At Risk
6,9.453291712705223,1927.3634893663007,8,0.41,0.78,Delayed
8,2.567963115866352,1042.8742374578019,8,0.52,0.81,Delayed
9,1.5936738598382005,1358.3091122433168,7,0.9,0.77,At Risk
5,4.108824650560924,630.6090772545975,6,0.2,0.11,At Risk
3,23.151647566551,1550.2428425239975,2,0.02,0.64,Delayed
5,13.63917932558539,1548.113748933469,7,0.86,0.83,At Risk
5,23.21390970652406,1047.3791348317366,5,0.58,0.58,Delayed
5,10.947451201593035,1952.2675083256352,6,0.89,0.65,At Risk
3,8.171771060960971,259.8449273776802,10,0.6,0.46,Delayed
4,12.641262845325613,43.725853130266174,8,0.81,0.53,Delayed
9,11.108768838556934,1542.614841396621,8,0.43,0.03,Delayed
9,3.4302877380201098,1616.2395193561163,3,0.75,0.64,At Risk
2,15.739005237874743,249.21238594994674,7,0.91,0.08,At Risk
8,5.968878197720791,538.5098375876261,1,0.57,0.44,At Risk
8,15.25052296265008,44.92920309959153,1,0.18,0.29,At Risk
7,15.954625125157527,593.6841354533237,7,0.27,0.55,At Risk
8,4.496571621958907,1548.5523290981564,10,0.2,0.13,Delayed
3,2.4110414235453677,1040.741450148032,9,0.25,0.69,Delayed
6,18.957516479574117,702.7102304048933,7,0.31,0.8,Delayed
1,11.575409746694364,749.7611968635973,10,0.56,0.16,Delayed
7,2.3377672966259433,12.693715173781627,5,0.59,0.1,At Risk
1,23.881925294904644,606.6030498548195,8,0.43,0.15,Delayed
9,2.3289529029164324,1296.4528958594817,2,0.62,0.88,At Risk
1,16.98581026374672,1948.6469431945507,9,0.08,0.53,Delayed
1,23.624615281058514,1695.65104569796,6,0.09,0.47,Delayed
7,6.501142396966289,56.95397964460296,9,0.17,0.11,Delayed
2,4.271735479805512,1798.1356033029303,2,0.52,0.65,At Risk
5,3.791853606715865,1568.5648424642657,3,0.21,0.87,On-Time
8,7.9753283940546975,1562.948485906251,8,0.28,0.83,Delayed
8,3.324053653244874,921.4115604171072,1,0.4,0.63,At Risk
3,16.919710858965033,802.0305329794606,10,0.81,0.08,Delayed
7,2.432711356991442,612.8023003780534,7,0.01,0.11,At Risk
3,12.716708947445163,140.7327693191879,7,0.65,0.05,At Risk
6,23.924027638618465,464.1883733524612,1,0.67,0.26,Delayed
6,19.721316198638434,500.741233606269,9,0.8,0.14,Delayed
3,15.15004707931325,973.3133687233012,8,0.93,0.26,Delayed
7,8.04383327809207,1497.414369127421,4,0.02,0.39,At Risk
3,15.349604234707686,952.8815585119138,10,0.15,0.94,Delayed
8,13.121953669967988,125.1104543998496,5,0.89,0.61,At Risk
4,10.799917829478543,1916.0017039665256,2,0.46,0.83,At Risk
1,4.006338665024588,1886.0213949972833,9,0.56,0.71,Delayed
4,21.391896950530736,1572.5271908653326,6,0.66,0.11,Delayed
7,11.345046922890418,1982.742524112799,3,0.68,0.74,At Risk
4,5.476317771877596,1093.5198422725232,7,0.93,0.28,At Risk
6,9.458465070177661,1925.90901700388,9,1.0,0.64,Delayed
9,10.524984308165322,160.45403082733404,3,0.72,0.34,At Risk
1,20.03337159803811,737.7046890401289,2,0.29,1.0,Delayed
5,17.873130752912246,458.508723333464,7,0.88,0.26,Delayed
7,18.694012553750817,399.7078374271974,7,0.05,0.28,Delayed
1,1.253719081858886,290.1978682964254,4,0.23,0.93,On-Time
4,10.571541958134514,1248.6031467163334,9,0.9,0.02,Delayed
6,12.070915487612444,1564.830492937137,8,0.26,0.7,Delayed
2,1.4414223669303037,1160.8138148465177,1,0.22,0.73,On-Time
5,6.975703801135787,302.45579208053726,1,0.14,0.84,On-Time
1,18.486665931809107,1624.136302167607,5,0.86,0.97,Delayed
6,4.153523231766979,1275.5498672558197,6,0.5,0.98,At Risk
6,13.312133023409608,782.4497551927211,3,0.67,0.07,At Risk
4,5.949643056396463,1351.5192881167652,9,0.24,0.82,Delayed
8,1.2787778168095452,527.2109086932373,10,0.76,0.65,Delayed
4,6.547633524789454,696.9324949034789,6,0.76,0.65,At Risk
8,23.44509636293124,1835.7968278326605,4,0.31,0.13,Delayed
8,19.43535357330876,588.1039662861266,7,0.41,0.65,Delayed
5,23.070262819383768,945.2766536342938,8,0.21,0.98,Delayed
4,12.220643010306336,1781.380863418069,9,0.98,0.91,Delayed
2,3.5239325695825805,1418.3654870323796,6,0.65,0.44,At Risk
3,13.603068246394939,133.78442006775848,6,0.93,0.04,At Risk
3,11.4506786948791,303.13305811515096,8,0.3,0.36,Delayed
4,20.420212903011166,25.604765636114465,5,0.78,0.83,Delayed
4,3.2558993580376256,1265.5343625560351,3,0.77,0.7,At Risk
5,12.229546151500898,900.8701165667325,3,0.69,0.46,At Risk
4,4.451119287961638,277.2069532955283,6,0.97,0.06,At Risk
8,8.46754631847138,1916.2889009029732,2,0.39,0.43,At Risk
6,17.95921277991939,1064.0228506517835,6,0.13,0.47,Delayed
6,11.94841697548163,491.36765528464946,6,0.67,0.93,At Risk
8,9.645430558352695,1006.201106597868,8,0.73,0.64,Delayed
7,10.072954407110812,1362.4444621428645,7,0.58,0.31,At Risk
8,11.567275673337694,161.7160437673933,8,0.21,0.53,Delayed
2,19.05538050825231,556.6605919453051,9,0.5,0.07,Delayed
9,21.51794784562539,1615.8613268591473,6,0.31,0.97,Delayed
1,22.97269778959035,924.7330921012958,3,0.43,0.36,Delayed
8,19.098777883871787,1097.688512644267,10,0.65,0.48,Delayed
4,8.254358602204292,871.3038443968438,3,0.75,0.36,At Risk
4,16.82709823999047,97.36088585958018,1,0.23,0.68,Delayed
5,11.064871853274013,339.8420618421103,5,0.41,0.66,At Risk
8,6.857424307059177,896.6278610963628,4,0.27,0.72,On-Time
5,20.34004632679622,426.27907616177635,9,0.2,0.27,Delayed
8,1.8838060261334748,109.45826703276069,9,0.78,0.32,Delayed
1,21.74052581911474,1688.8628314631292,5,0.91,0.13,Delayed
9,11.613981686368886,1962.5731330365904,10,0.37,0.66,Delayed
6,15.65563396659045,1588.3543192535114,4,0.75,0.04,At Risk
3,16.165140210733,1709.0319941922874,7,0.9,0.6,Delayed
8,21.587708036250337,491.5344893309203,6,0.85,0.87,Delayed
9,15.643402689845768,1921.6476812712674,4,0.18,0.89,At Risk
6,15.12047244948142,401.8821518623225,10,0.96,0.45,Delayed
7,2.5329969328958692,1903.3453226200463,2,0.38,0.46,At Risk
1,12.923384504739694,1989.6903949922425,1,0.34,0.08,At Risk
5,4.453887018791958,1426.328383434637,4,0.06,0.67,On-Time
5,17.960976680594168,1962.4760262657255,4,0.49,0.82,Delayed
4,12.781104178691512,1143.3841613385364,1,0.11,0.24,At Risk
6,16.645238921792128,526.4881485204197,6,0.25,0.42,Delayed
7,1.958476713854838,879.6218124745856,4,0.32,0.84,At Risk
9,2.950216369053474,1191.186261403784,1,0.81,0.88,At Risk
1,17.475437925441692,155.43230843375983,1,0.88,0.24,Delayed
6,2.657939727969487,1248.4630965883198,1,0.3,0.55,On-Time
7,2.6389047386009477,1962.543895156966,8,0.86,0.19,Delayed
3,1.2784949304024114,388.314223069618,10,0.86,0.1,Delayed
8,22.99953216088804,1587.2642814138828,8,0.76,0.91,Delayed
5,17.96269226755716,1816.7185996214425,2,0.15,0.82,Delayed
9,9.124782395547475,1887.9661697122394,7,0.69,0.76,At Risk
5,7.8203183696160705,1920.66985276684,8,0.95,0.05,Delayed
9,9.04317428415454,1047.7046810557292,8,0.68,0.84,Delayed
4,18.817031217167184,1954.8427369030924,10,0.33,0.44,Delayed
9,16.21152405461953,1517.0473121975333,7,0.5,0.34,Delayed
5,5.2594980609517625,331.7261581115542,5,0.65,0.55,At Risk
9,5.00451471268394,959.0312118712603,1,0.51,0.09,At Risk
3,3.2630999434081382,1439.4790389902878,9,0.12,0.76,Delayed
4,16.186962553130776,502.2072284799758,7,0.31,0.58,Delayed
9,18.580571231099928,1284.8242152622859,2,0.8,0.19,Delayed
6,7.096067851475093,1336.5349533027722,6,0.86,0.19,At Risk
2,1.4817341037109948,333.77249017904614,2,0.14,0.18,On-Time
7,2.889948351957829,1134.519771780985,1,0.95,0.06,At Risk
2,23.2607808014357,1545.5375528474294,7,0.33,0.59,Delayed
2,7.795229881980666,1002.8023724265245,2,0.66,0.84,At Risk
1,18.692132400277075,34.08520238445378,2,0.75,0.02,Delayed
3,15.367262083648066,27.98655346779143,5,0.81,0.05,At Risk
6,9.784611712016606,720.4883945003243,5,0.95,0.57,At Risk
8,5.730807030497767,1853.126196179246,7,0.31,0.82,At Risk
9,3.791887617666348,465.06679141118144,1,0.86,0.33,At Risk
7,15.145298264893933,1272.3837408546574,8,0.13,0.35,Delayed
4,18.816576954669124,451.93098267970794,3,0.71,0.6,Delayed
6,15.809797831446005,650.1232794225018,4,0.74,0.27,At Risk
5,13.19694906473064,1697.603758306953,9,0.68,0.03,Delayed
8,1.964878138927634,1460.4342701171943,4,0.25,0.74,On-Time
1,23.275241884670827,199.84456185328915,10,0.87,0.63,Delayed
1,19.370426408055216,863.1170217630029,5,0.17,0.58,Delayed
6,7.734906844122189,68.04782965407628,7,0.05,0.74,At Risk
2,23.539317575253566,966.9713917399879,4,0.72,0.68,Delayed
5,14.843276561635408,1328.2436832851254,1,0.48,0.21,At Risk
1,14.39572113876667,245.8202209603216,9,0.85,0.35,Delayed
7,18.20568312687924,584.8810284292397,4,0.38,0.13,Delayed
1,19.670705126073162,801.6948847492923,9,0.17,0.13,Delayed
4,16.099007968624562,1839.866739065539,6,0.84,0.68,Delayed
9,3.9462021664226006,1986.5774806916984,1,0.55,0.86,At Risk
1,8.780152637873464,99.37348500127555,3,0.19,0.96,At Risk
4,22.345923727499144,1524.40576775583,2,0.72,0.63,Delayed
6,6.166159072408594,749.7308921406631,9,0.51,0.18,Delayed
6,9.559841548262806,790.9917905966653,1,0.6,0.11,At Risk
8,10.937768307716508,1510.9872969605751,9,0.46,0.81,Delayed
1,11.106314762972401,1837.6685999693632,9,0.83,0.58,Delayed
7,15.097610397374087,1902.3479030600713,8,0.83,0.62,Delayed
1,22.690744268128274,1158.4739462162584,8,0.71,0.78,Delayed
7,6.535932372147614,720.6711070080006,1,0.11,0.7,On-Time
3,3.7945316549211157,1577.2226808589708,8,0.84,0.83,Delayed
8,5.541821266778558,509.4927526919775,10,0.67,0.06,Delayed
3,21.3992727048132,1132.5073173787002,3,0.7,0.75,Delayed
1,15.853648691069738,723.5711384344976,7,0.36,0.85,At Risk
8,7.575856152500683,1316.6958366786735,1,0.88,0.29,At Risk
3,19.766779596278198,488.3938366580787,1,0.73,0.64,Delayed
2,20.81150991635903,391.26996201230327,10,0.11,0.31,Delayed
1,20.469829789876396,1837.2957824841199,5,0.41,0.96,Delayed
3,22.135310273709752,212.58932906957844,5,0.89,0.03,Delayed
2,6.801543463987317,1016.856236392514,8,0.05,0.58,Delayed
2,18.3659643611644,449.49703809638777,7,0.96,0.17,Delayed
6,11.59240843730522,87.47062701807822,8,0.68,0.71,Delayed
1,20.365966716471416,81.67744839993851,6,0.63,0.18,Delayed
2,17.755285574717103,358.6913264905964,6,0.27,0.24,Delayed
6,18.858291269493666,1734.8730054669404,2,0.25,0.49,Delayed
3,16.091722266664647,572.1327005142831,6,0.94,0.91,Delayed
4,5.080861697803258,1901.4137494448385,5,0.3,0.21,At Risk
1,13.53561913462958,1167.4283630484952,3,0.78,0.14,At Risk
8,23.64740400906369,878.8622376398446,6,0.39,0.76,Delayed
7,22.559925529433734,1164.3767809922147,8,0.14,0.5,Delayed
7,1.9929959233312684,1038.2297866002727,9,0.01,0.91,Delayed
3,4.790740761777053,1519.964744977077,1,0.54,0.15,At Risk
3,4.029761789454923,572.167171285976,3,0.98,0.65,At Risk
2,17.697537929661795,712.5702792846017,3,0.37,0.23,Delayed
1,19.809062586709736,1789.247662041169,8,0.36,0.16,Delayed
7,5.910761425145454,1893.448461169307,1,0.34,0.68,At Risk
7,12.634611937892068,1786.1908726980844,5,0.52,0.59,At Risk
2,20.336169644257602,844.701507975054,3,0.44,0.75,Delayed
7,17.854435529623764,1562.9273509836946,2,0.88,0.31,Delayed
8,13.471455726312511,957.9081092691866,8,0.51,0.45,Delayed
1,14.577996880551776,1000.1043057707434,3,0.51,0.41,At Risk
9,12.69229257907444,417.31341702399504,7,0.14,0.98,At Risk
7,7.843614380332873,1186.3493034844478,1,0.98,0.29,At Risk
3,13.99550583575737,380.4104365291624,6,0.25,0.29,At Risk
